antigo,sucessor,data,ato
PTB,PRD,2023-11-09,Plenário do TSE aprovou a fusão de PTB e Patriota no PRD (Registro de Partido Político 0601913-90.2022.6.00.0000; relatora Cármen Lúcia); tse.jus.br/comunicacao/noticias/2023/Novembro/tse-aprova-criacao-do-partido-renovacao-democratica-prd
PATRIOTA,PRD,2023-11-09,Plenário do TSE aprovou a fusão de PTB e Patriota no PRD (Registro de Partido Político 0601913-90.2022.6.00.0000; relatora Cármen Lúcia); tse.jus.br/comunicacao/noticias/2023/Novembro/tse-aprova-criacao-do-partido-renovacao-democratica-prd
PSC,PODE,2023-06-15,Plenário do TSE aprovou a incorporação do PSC pelo Podemos (Petição Cível 0600013-38.2023.6.00.0000; sessão virtual de 9 a 15/06/2023); tse.jus.br/comunicacao/noticias/2023/Junho/tse-aprova-incorporacao-do-partido-social-cristao-pelo-podemos
PROS,SOLIDARIEDADE,2023-02-14,Plenário do TSE aprovou a incorporação do PROS pelo Solidariedade (Petição 0601967-56.2022.6.00.0000; relator Raul Araújo); tse.jus.br/comunicacao/noticias/2023/Fevereiro/partido-republicano-da-ordem-social-pros-e-incorporado-ao-solidariedade
PMN,MOBILIZA,2023-12-05,Plenário do TSE autorizou a mudança de nome para Mobilização Nacional (Mobiliza); tse.jus.br/comunicacao/noticias/2023/Dezembro/plenario-decide-que-pmn-so-pode-manter-uma-entidade-de-direito-privado-destinada-a-pesquisa
PMB,DEMOCRATA,2025-12-02,Plenário do TSE aprovou a mudança de nome do Partido da Mulher Brasileira para Democrata (relator André Mendonça); tse.jus.br/comunicacao/noticias/2025/Dezembro/decisoes-da-semana-tse-aprova-mudanca-de-nome-de-partido-e-criacao-de-federacao-partidaria
PC do B,PCDOB,,mesma legenda; o TSE passou a grafar a sigla sem espaço
DEM,UNIÃO,2022-02-08,Plenário do TSE aprovou a fusão de DEM e PSL no União Brasil (relator Edson Fachin); agenciabrasil.ebc.com.br/politica/noticia/2022-02/tse-aprova-criacao-da-uniao-brasil-fusao-entre-dem-e-psl
PSL,UNIÃO,2022-02-08,Plenário do TSE aprovou a fusão de DEM e PSL no União Brasil (relator Edson Fachin); agenciabrasil.ebc.com.br/politica/noticia/2022-02/tse-aprova-criacao-da-uniao-brasil-fusao-entre-dem-e-psl
PRB,REPUBLICANOS,2019-08-15,TSE autorizou a mudança de nome do PRB para Republicanos (ministro Jorge Mussi); conjur.com.br/2019-ago-15/tse-autoriza-mudanca-prb-republicanos/
PR,PL,2019-05-07,Plenário do TSE aprovou a mudança de nome do Partido da República (PR) para Partido Liberal (PL) (relator Tarcisio Vieira de Carvalho Neto); tse.jus.br/comunicacao/noticias/2019/Maio/aprovada-alteracao-do-nome-do-partido-da-republica-pr-para-partido-liberal-pl
PPS,CIDADANIA,2019-09-19,Plenário do TSE aprovou a mudança de nome do PPS para Cidadania (relator Og Fernandes); tse.jus.br/comunicacao/noticias/2019/Setembro/plenario-aprova-mudanca-do-nome-do-pps-para-cidadania
PRP,PATRIOTA,2019-03-28,Plenário do TSE aprovou a incorporação do PRP pelo Patriota; tse.jus.br/comunicacao/noticias/2019/Marco/tse-aprova-incorporacao-do-prp-ao-patriota
PTC,AGIR,2022-03-31,Plenário do TSE aprovou a mudança de nome do PTC para Agir (relator Alexandre de Moraes); tse.jus.br/comunicacao/noticias/2022/Marco/tse-aprova-alteracao-e-partido-trabalhista-cristao-passa-a-se-chamar-agir
PHS,PODE,2019-09-19,Plenário do TSE aprovou a incorporação do PHS pelo Podemos (relator Edson Fachin); tse.jus.br/comunicacao/noticias/2019/Setembro/plenario-aprova-incorporacao-do-phs-ao-podemos
PPL,PC do B,2019-05-28,Plenário do TSE aprovou a incorporação do PPL pelo PCdoB (relator Luís Roberto Barroso); tse.jus.br/comunicacao/noticias/2019/Maio/plenario-aprova-incorporacao-do-ppl-ao-pcdob
